<?xml version="1.0" encoding="UTF-8" standalone="yes"?>
<addon id="plugin.program.piratebay"
       name="The Pirate Bay"
       version="0.1.3"
       provider-name="divingmule">
  <requires>
    <import addon="xbmc.python" version="2.1.0"/>
	<import addon="script.module.beautifulsoup" version="3.0.8"/>
    <import addon="script.common.plugin.cache" version="0.9.1"/>
    <import addon="script.web.viewer"/>
  </requires>
  <extension point="xbmc.python.pluginsource"
            library="default.py">
        <provides>executable</provides>
  </extension>
  <extension point="xbmc.addon.metadata">
    <summary>Browse and download .torrent files</summary>
    <description>This add-on lets you browse and download .torrent files from The Pirate Bay.</description>
    <platform>all</platform>
  </extension>
</addon>